INSERT INTO user VALUES
('ggeorgiou', 'georgiou12345', 'Giorgos', 'Georgiou', '2023-06-05 12:00:01', 'georgiou@filathl.gr'),
('ttsoukalas', 'antegeia7', 'Takis', 'Tsoukalas', '2007-07-07 14:25:07', 'takis@antegeia.gr'),
('kfortou', 'fortou7', 'Konstantinos', 'Fortounis', '2014-03-19 15:30:07', 'fortounis@olympiacos.gr'),
('mantalinio', 'ellinmessi20', 'Petros', 'Mantalos', '2014-05-23 11:15:20', 'mantalos@aek.gr'),
('geomasou', 'masouras19', 'Giorgos', 'Masouras', '2019-01-20 09:20:19', 'masouras@olympiacos.gr'),
('special1', 'footballheritage', 'Jose', 'Mourinho', '2021-04-08 17:08:01', 'jose@roma.it'), 
('pepbiel', 'kalifoni21', 'Pep', 'Biel', '2022-09-01 20:00:21', 'pepbiel@olympiacos.gr'),
('diegoma', 'sacked7', 'Diego', 'Martinez', '2023-12-05 10:25:05', 'martinez@sacked.gr'),
('kessaris', '040xG', 'Themis', 'Kessaris', '2017-08-29 15:41:39', 'kessaris@sport24.gr'),
('ehaaland', '36goal', 'Erling', 'Haaland', '2022-07-20 7:30:36', 'haaland@mancity.co.uk'),
('darwin', 'darwizzy9', 'Darwin', 'Nunez', '2022-07-30 9:20:13', 'nunez@liverpool.co.uk'),
('coachb', 'gtpm7', 'Georgios', 'Bartzokas', '2022-05-07 13:38:05', 'coach@olympiacos.gr'),
('ggeorgoutsos', 'georgoutsos12', 'Giorgos', 'Georgoutsos', '2020-04-03 11:01:09', 'georgoutsos@maurithiela.gr'),
('ppanagiotis', 'otikalutero19', 'Panagiotis', 'Panagiotou', '2003-10-15 18:30:19', 'panos@kalutero.gr'),
('scurry', 'chefcurry30', 'Stephen', 'Curry', '2009-03-30 3:30:30', 'stephc30@warriors.gr'),
('dgreen', 'ufc4life', 'Draymond', 'Green', '2023-12-23 23:23:23', 'dray23@pefteiksulo.gr'),
('kthompson', 'thompson11', 'Klay', 'Thompson', '2011-11-11 11:20:11', 'klay11@oikodomos.gr'),
('cpaul', 'pointgod3', 'Chris', 'Paul', '2003-03-13 15:03:30', 'paul3@suntaksioyxos.gr'), 
('awiggins', 'pagkos22', 'Andrew', 'Wiggins', '2022-06-22 22:00:22', 'wiggs22@pagkitis.gr'),
('klooney', 'varu5ari', 'Kevon', 'Looney', '2005-12-05 20:05:15', 'kevon5@blackhole.gr'),
('jkuminga', 'einaikalosautos00', 'Jonathan', 'Kuminga', '2013-01-13 00:52:29', 'kuminga00@pidapsila.gr'),
('gpayton', 'paytonII', 'Gary', 'Payton', '2021-05-02 6:15:32', 'payton0@realmvp.gr'),
('leomessi', 'absolutegoat', 'Lionel', 'Messi', '2010-10-10 10:00:10', 'messi10@bestever.gr'),
('cronaldo', 'suuuiii7', 'Cristiano', 'Ronaldo', '2007-07-07 7:22:02', 'penaldo7@nomundial.gr'),
('panais', '1234567', 'Panagiotis', 'Psaltiras');

INSERT INTO employee VALUES
('kfortou', 'bio1', 'systatikes1', 'certificates1'),
('mantalinio', 'bio2', 'systatikes2', 'certificates2'),
('geomasou', 'bio3', 'systatikes3', 'certificates3'),
('pepbiel', 'bio4', 'systatikes4', 'certificates4'),
('ehaaland', 'bio5', 'systatikes5', 'certificates5'),
('darwin', 'bio6', 'systatikes6', 'certificates6'),
('ppanagiotis', 'bio7', 'systatikes7', 'certificates7'),
('scurry', 'bio8', 'systatikes8', 'certificates8'),
('kthompson', 'bio9', 'systatikes9', 'certificates9'),
('klooney', 'bio10', 'systatikes10', 'certificates10'),
('leomessi', 'bio11', 'systatikes11', 'certificates11'),
('cronaldo', 'bio12', 'systatikes12', 'certificates12');

INSERT INTO languages VALUES
('kfortou', 'GR'),
('mantalinio', 'EN,GR'),
('geomasou', 'GR,FR'),
('pepbiel', 'SP,EN'),
('ehaaland', 'EN,GE'),
('darwin', 'SP'),
('ppanagiotis', 'GR,EN'),
('scurry', 'EN,SP'),
('kthompson', 'GR,FR'),
('klooney', 'EN'),
('leomessi', 'SP'),
('cronaldo', 'SP,EN,FR');


INSERT INTO project (candid, descr, url) VALUES
('kfortou', 'descr1', 'project1.com'), 
('kfortou', 'descr2', 'project2.com'), 
('mantalinio', 'descr3', 'project3.com'), 
('geomasou', 'descr4', 'project4.com'), 
('pepbiel', 'descr5', 'project5.com'), 
('ehaaland', 'descr6', 'project6.com'), 
('darwin', 'descr7', 'project7.com'),
('ppanagiotis', 'descr8', 'project8.com'), 
('scurry', 'descr9', 'project9.com'), 
('kthompson', 'descr10', 'project10.com'), 
('klooney', 'descr11', 'project11.com'), 
('leomessi', 'descr12', 'project12.com'), 
('leomessi', 'descr13', 'project13.com'), 
('cronaldo', 'descr14', 'project14.com');

INSERT INTO degree VALUES
('ceid', 'upatras', 'BSc'), 
('economics', 'uoathens', 'BSc'), 
('electronic eng', 'upatras', 'PhD'),
('mechanical eng', 'upatras', 'BSc'), 
('chemical eng', 'upatras', 'MSc'), 
('business administration', 'uoathens', 'PhD'),
('electronic eng', 'uoathens', 'PhD'), 
('architecture', 'uoathens', 'BSc'), 
('civil eng', 'upatras', 'PhD'),
('electronic eng', 'uoioannina', 'MSc'), 
('economics', 'upatras', 'BSc'), 
('chemical eng', 'uoathens', 'MSc');

INSERT INTO has_degree VALUES
('ceid', 'upatras', 'kfortou', '2012', 8.5), 
('economics', 'uoathens', 'mantalinio', '2011', 7), 
('chemical eng', 'upatras', 'pepbiel', '2018', 7.5), 
('business administration', 'uoathens', 'ehaaland', '2019', 6),
('mechanical eng', 'upatras', 'scurry', '2010', 9.6), 
('electronic eng', 'uoioannina', 'leomessi', '2019', 8.5),
(‘architecture’, ‘uoathens’, ‘kthompson’, ‘2015’, 7),
(‘ceid’, ‘upatras’, ‘ppanagiotis’, ‘2021’, 7.8); 

INSERT INTO etairia VALUES
('173574568', 'Koropioy', 'Google', '2106354865', 'Ermou', 13, 'Athens', 'Greece'),
('265481256', 'Thessalonikis', 'Meta', '2310678349', 'Tsimiski', 20, 'Thessaloniki', 'Greece'),
('159675678', 'New York', 'Microsoft', '2106548921', '7th Avenue', 103, 'New York', 'USA'),
('254138941', 'Kapou sto Pouthena', 'Megasoft',  '3102556947', 'Gamos Karagiozi' , 7, 'Copenhagen', 'Denmark'),
('536880230', 'Agias Triados', 'Xtizo Spitia', '2721028123', 'Athinon', 43, 'Kalamata', 'Greece'),
('553201357', 'Los Angeles', 'Gooogle', '7152009636', '19th St. Avenue', 111, 'Los Angeles', 'USA'); 

INSERT INTO evaluator VALUES
('ggeorgiou', 10, '173574568'),
('ttsoukalas', 5, '159675678'),
('special1', 7, '159675678'),
('diegoma', 3,'265481256'),
('kessaris', 12, '173574568'),
('coachb', 9, '265481256'),
('dgreen', 15, '536880230'),
('cpaul', 22, '553201357'),
('awiggins', 4, '536880230'),
('jkuminga', 7,'254138941'),
('gpayton', 10, '553201357'),
('ggeorgoutsos', 9, '254138941');

INSERT INTO job VALUES
(NULL, 20240301, 1200, 'financial advisor', 'New York', 'ttsoukalas', 20231101,  20240215),
(NULL, 20240301, 800, 'junior programmer', 'Athens', 'kessaris', 20231101, 20240215), 
(NULL, 20240301, 1000, 'student researcher', 'Athens', 'ggeorgiou', 20231101, 20240215), 
(NULL, 20240301, 2000, 'senior engineer', 'Thessaloniki', 'coachb', 20231101, 20240215),
(NULL, 20240301, 1000, 'student researcher', 'Thessaloniki', 'diegoma', 20231101, 20240215),
(NULL, 20240301, 1500, 'senior programmer', 'Athens', 'kessaris', 20231101, 20240215),
(NULL, 20240301, 1300, 'researcher', 'New York', 'special1', 20231101,  20240215),
(NULL, 20240301, 1600, 'branch manager', 'New York', 'ttsoukalas', 20231101,  20240215),
(NULL, 20240301, 1000, 'project manager', 'Copenhagen', 'ggeorgoutsos', 20231101, 20240215),
(NULL, 20240301, 1200, 'junior engineer', 'Copenhagen', 'jkuminga', 20231101, 20240215), 
(NULL, 20240301, 2000, 'senior programmer', 'Los Angeles', 'cpaul', 20231101, 20240215), 
(NULL, 20240301, 2000, 'senior engineer', 'Los Angeles', 'gpayton', 20231101, 20240215),
(NULL, 20240301, 2500, 'branch manager', 'Copenhagen', 'ggeorgoutsos', 20231101, 20240215),
(NULL, 20240301, 650, 'junior xtistis', 'Kalamata', 'awiggins', 20231101, 20240215),
(NULL, 20240301, 1500, 'senior xtistis', 'Kalamata', 'dgreen', 20231101, 20240215),
(NULL, 20240301, 3500, 'team director', 'Los Angeles', 'cpaul', 20231101,  20240215);

INSERT INTO subject VALUES
('Programming', 'desc1', NULL),
('Mathematics', 'desc2', NULL), 
('Problem Solving', 'desc3', NULL), 
('Economics', 'desc4', NULL), 
('Chemistry', 'desc5', NULL), 
('People Management', 'desc6', NULL), 
('Linear Algebra', 'desc7', 'Mathematics'), 
('Databases', 'desc8', 'Programming'),
('Web Design', 'desc9', 'Programming'),
('Physics', 'desc10', NULL), 
('Management', 'desc11', NULL), 
('Critical Thinking', 'desc12', 'Problem Solving'), 
('Peoples Relationships', 'desc13', 'People Management'), 
('Biology', 'desc14', NULL), 
('Discrete Mathematics', 'desc15', 'Mathematics'), 
('Operating Systems', 'desc16', 'Programming');

INSERT INTO requires VALUES
(1, 'Economics'), 
(2, 'Programming'), 
(4, 'Mathematics'), 
(4, 'Problem Solving'), 
(6, 'Programming'), 
(6, 'Databases'), 
(7, 'Chemistry'),
(8, 'People Management'),
(9, 'People Management'), 
(10, 'Programming'), 
(11, 'Operating Systems'), 
(12, 'Web Design'), 
(13, 'Management'), 
(14, 'Physics'), 
(15, 'Peoples Relationships'),
(16, 'People Management'); 

INSERT INTO applies VALUES
('kfortou', 6),
('mantalinio', 1),
('geomasou', 3),
('pepbiel', 7),
('ehaaland', 8),
('darwin', 2),
('ppanagiotis', 11),
('scurry', 16),
('kthompson', 14),
('klooney', 10),
('leomessi', 12),
('cronaldo', 13);

INSERT INTO db_admin(username, id, start_date) VALUES ('panais', USER(), CURRENT_DATE());

UPDATE job SET evaluator2 = 'special1' where evaluator like '%ttsou%';
UPDATE job SET evaluator2 = 'ttsoukalas' where evaluator like '%spec%';
UPDATE job SET evaluator2 = 'coachb' where evaluator like '%dieg%';
UPDATE job SET evaluator2 = 'diegoma' where evaluator like '%coac%';
UPDATE job SET evaluator2 = 'kessaris' where evaluator like '%georgiou%';
UPDATE job SET evaluator2 = 'ggeorgiou' where evaluator like '%kess%';
UPDATE job SET evaluator2 = 'jkuminga' where evaluator like '%geogoutsos%';
UPDATE job SET evaluator2 = ' ggeorgoutsos ' where evaluator like '%kuming%';
UPDATE job SET evaluator2 = 'cpaul' where evaluator like '%payton%';
UPDATE job SET evaluator2 = 'gpayton' where evaluator like '%cpaul%';
UPDATE job SET evaluator2 = ' awiggins ' where evaluator like '%green%';
UPDATE job SET evaluator2 = 'dgreen' where evaluator like '%wigg%';